{
  "ExamList": [
    {
      "Id": 1,
      "Name": "CSharpMod1",
      "QuestionIds": [
        1,
        2,
        3,
        4,
        5
      ],
      "AvailableUntil": "2022-10-25T23:00:00",
      "StartingTime": "2022-10-25T18:00:00",
      "StudentIds": [
        1,
        3
      ],
      "RandomQuests": false
    },
    {
      "Id": 2,
      "Name": "CSharpMod2",
      "QuestionIds": [
        1,
        4,
        6,
        8,
        9
      ],
      "AvailableUntil": "2022-10-21T21:00:00",
      "StartingTime": "2022-10-21T20:00:00",
      "StudentIds": [
        1,
        2,
        3
      ],
      "RandomQuests": true
    },
    {
      "Id": 3,
      "Name": "Adding",
      "QuestionIds": [
        2,
        4,
        6,
        8,
        10
      ],
      "AvailableUntil": "2022-10-20T19:00:00",
      "StartingTime": "2022-10-20T17:00:00",
      "StudentIds": [
        1,
        3,
        6
      ],
      "RandomQuests": false
    },
    {
      "Id": 4,
      "Name": "Ultimate C#",
      "QuestionIds": [
        2,
        3,
        6,
        8,
        14
      ],
      "AvailableUntil": "2022-10-21T11:40:00",
      "StartingTime": "2022-10-21T10:40:00",
      "StudentIds": [],
      "RandomQuests": false
    },
    {
      "Id": 5,
      "Name": "C# Strings",
      "QuestionIds": [],
      "AvailableUntil": "2022-10-23T17:10:00",
      "StartingTime": "2022-10-23T15:10:00",
      "StudentIds": [],
      "RandomQuests": false
    },
    {
      "Id": 6,
      "Name": "Conditional and Control Statements",
      "QuestionIds": [],
      "AvailableUntil": "2022-10-24T22:00:00",
      "StartingTime": "2022-10-24T19:00:00",
      "StudentIds": [],
      "RandomQuests": false
    },
    {
      "Id": 7,
      "Name": "C# Arrays",
      "QuestionIds": [
        3,
        4,
        5,
        6,
        7
      ],
      "AvailableUntil": "2022-10-23T23:00:00",
      "StartingTime": "2022-10-23T19:00:00",
      "StudentIds": [
        4,
        5,
        6
      ],
      "RandomQuests": false
    },
    {
      "Id": 8,
      "Name": "hfdsjkh",
      "QuestionIds": [
        1,
        2,
        3,
        4
      ],
      "AvailableUntil": "2022-10-26T16:00:00",
      "StartingTime": "2022-10-26T15:00:00",
      "StudentIds": [
        1,
        5
      ],
      "RandomQuests": true
    }
  ],
  "Students": [
    {
      "Id": 1,
      "Name": "Nuno",
      "HasApproval": true
    },
    {
      "Id": 2,
      "Name": "Manuel",
      "HasApproval": false
    },
    {
      "Id": 3,
      "Name": "Emily",
      "HasApproval": true
    },
    {
      "Id": 5,
      "Name": "John",
      "HasApproval": true
    },
    {
      "Id": 6,
      "Name": "Boris",
      "HasApproval": true
    }
  ],
  "Results": [
    {
      "ExamId": 1,
      "StudentId": 1,
      "Results": [
        {
          "QuestionId": 1,
          "RightAnswer": true
        },
        {
          "QuestionId": 2,
          "RightAnswer": true
        },
        {
          "QuestionId": 3,
          "RightAnswer": false
        },
        {
          "QuestionId": 4,
          "RightAnswer": false
        },
        {
          "QuestionId": 5,
          "RightAnswer": true
        }
      ]
    },
    {
      "ExamId": 2,
      "StudentId": 3,
      "Results": [
        {
          "QuestionId": 1,
          "RightAnswer": true
        },
        {
          "QuestionId": 4,
          "RightAnswer": true
        },
        {
          "QuestionId": 6,
          "RightAnswer": false
        },
        {
          "QuestionId": 8,
          "RightAnswer": true
        },
        {
          "QuestionId": 9,
          "RightAnswer": true
        }
      ]
    },
    {
      "ExamId": 9,
      "StudentId": 1,
      "Results": [
        {
          "QuestionId": 1,
          "RightAnswer": false
        },
        {
          "QuestionId": 2,
          "RightAnswer": true
        },
        {
          "QuestionId": 3,
          "RightAnswer": true
        },
        {
          "QuestionId": 4,
          "RightAnswer": true
        },
        {
          "QuestionId": 5,
          "RightAnswer": true
        },
        {
          "QuestionId": 6,
          "RightAnswer": false
        }
      ]
    }
  ],
  "Questions": [
    {
      "Id": 1,
      "Subject": "Conditional and Control Statements",
      "DifLevel": "Advanced",
      "Tag": "#foreach",
      "Name": "Can we obtain the array index using foreach loop in C#?",
      "Type": "YesNo",
      "ExamOnly": true,
      "CorrectAnswer": [
        2
      ],
      "PossAnswers": [
        "Yes",
        "No"
      ]
    },
    {
      "Id": 2,
      "Subject": "Conditional and Control Statements",
      "DifLevel": "Advanced",
      "Tag": "#for",
      "Name": "Which is the correct for() statement to run an infinite loop?",
      "Type": "DropDown",
      "ExamOnly": false,
      "CorrectAnswer": [
        1
      ],
      "PossAnswers": [
        "for(;;)",
        "for(;;);",
        "for(:;)",
        "for(1;1;1)"
      ]
    },
    {
      "Id": 3,
      "Subject": "Conditional and Control Statements",
      "DifLevel": "Advanced",
      "Tag": "#throw",
      "Name": "What is the use of throw statement in C#?",
      "Type": "DropDown",
      "ExamOnly": false,
      "CorrectAnswer": [
        2
      ],
      "PossAnswers": [
        "to return from the calling functions to called function",
        "to throw an exception manually during the execution of the program",
        "to return from the switch statement",
        "None of the above"
      ]
    },
    {
      "Id": 4,
      "Subject": "Conditional and Control Statements",
      "DifLevel": "Advanced",
      "Tag": "#loops",
      "Name": "Which C# keyword is used to coming out from the loop?",
      "Type": "DropDown",
      "ExamOnly": false,
      "CorrectAnswer": [
        1
      ],
      "PossAnswers": [
        "break",
        "continue",
        "Both A and B",
        "None of the above"
      ]
    },
    {
      "Id": 5,
      "Subject": "Conditional and Control Statements",
      "DifLevel": "Advanced",
      "Tag": "#goto",
      "Name": "Does C# support goto statement?",
      "Type": "YesNo",
      "ExamOnly": false,
      "CorrectAnswer": [
        1
      ],
      "PossAnswers": [
        "Yes",
        "No"
      ]
    },
    {
      "Id": 6,
      "Subject": "Variables and Data Types",
      "DifLevel": "Intermediate",
      "Tag": "#variable",
      "Name": "What is the correct syntax to declare a variable in C#?",
      "Type": "CheckBox",
      "ExamOnly": false,
      "CorrectAnswer": [
        1,
        2
      ],
      "PossAnswers": [
        "type variableName = value;",
        "type variableName;",
        "variableName as type = value;",
        "value = variableName"
      ]
    },
    {
      "Id": 7,
      "Subject": "Variables and Data Types",
      "DifLevel": "Intermediate",
      "Tag": "#DataType",
      "Name": "Which is not a valid C# data type?",
      "Type": "DropDown",
      "ExamOnly": false,
      "CorrectAnswer": [
        4
      ],
      "PossAnswers": [
        "long",
        "int",
        "float",
        "complex"
      ]
    },
    {
      "Id": 8,
      "Subject": "Variables and Data Types",
      "DifLevel": "Intermediate",
      "Tag": "#Datatype",
      "Name": "Which is the correct order for implicit type conversion to convert a smaller to a larger type in C#?",
      "Type": "DropDown",
      "ExamOnly": false,
      "CorrectAnswer": [
        1
      ],
      "PossAnswers": [
        "char -\u003E int -\u003E long -\u003E float -\u003E double",
        "bool -\u003E char -\u003E int -\u003E long -\u003E float -\u003E double",
        "char -\u003E int -\u003E float -\u003E long -\u003E double",
        "bool -\u003E char -\u003E int -\u003E long -\u003E double -\u003E float"
      ]
    },
    {
      "Id": 9,
      "Subject": "Variables and Data Types",
      "DifLevel": "Intermediate",
      "Tag": "#DataType",
      "Name": "Which data type is used to store text value in C#?",
      "Type": "DropDown",
      "ExamOnly": false,
      "CorrectAnswer": [
        3
      ],
      "PossAnswers": [
        "text",
        "txt",
        "string",
        "str"
      ]
    },
    {
      "Id": 10,
      "Subject": "Variables and Data Types",
      "DifLevel": "Intermediate",
      "Tag": "#DataType",
      "Name": "Which is the correct C# statement to convert a float value to int explicitly?",
      "Type": "DropDown",
      "ExamOnly": false,
      "CorrectAnswer": [
        1
      ],
      "PossAnswers": [
        "int_variable = (int) float_variable;",
        "int_variable = float_variable;",
        "int_variable = (int) (float_variable);",
        "int_variable = int *float_variable);"
      ]
    },
    {
      "Id": 11,
      "Subject": "C# Basics",
      "DifLevel": "Beginner",
      "Tag": "#CSharpBasics",
      "Name": "What is the extension of a C# language file?",
      "Type": "DropDown",
      "ExamOnly": false,
      "CorrectAnswer": [
        3
      ],
      "PossAnswers": [
        ".c",
        ".cpp",
        ".cs",
        ".csp"
      ]
    },
    {
      "Id": 12,
      "Subject": "C# Basics",
      "DifLevel": "Beginner",
      "Tag": "#CSharpBasics",
      "Name": "Which symbols are used to mark the beginning and end of a code block?",
      "Type": "DropDown",
      "ExamOnly": false,
      "CorrectAnswer": [
        2
      ],
      "PossAnswers": [
        "\tSquare brackets []",
        "\tCurly braces {}",
        "\tRound brackets ()",
        "\tDouble-quotes "
      ]
    },
    {
      "Id": 13,
      "Subject": "C# Basics",
      "DifLevel": "Beginner",
      "Tag": "#CSharpBasics",
      "Name": "Is C# programming language a case-sensitive?",
      "Type": "YesNo",
      "ExamOnly": false,
      "CorrectAnswer": [
        1
      ],
      "PossAnswers": [
        "Yes",
        "No"
      ]
    },
    {
      "Id": 14,
      "Subject": "C# Basics",
      "DifLevel": "Beginner",
      "Tag": "#CSharpBasics",
      "Name": "In C#, a single-line comment starts with ___.",
      "Type": "DropDown",
      "ExamOnly": false,
      "CorrectAnswer": [
        1
      ],
      "PossAnswers": [
        "Two forward slashes (//)",
        "Two backward slashes (\\)",
        "A hash character (#)",
        "A dollar character ($)"
      ]
    },
    {
      "Id": 15,
      "Subject": "C# Basics",
      "DifLevel": "Beginner",
      "Tag": "#CSharpBasics",
      "Name": "Every C# statement is terminated by ___.",
      "Type": "DropDown",
      "ExamOnly": false,
      "CorrectAnswer": [
        2
      ],
      "PossAnswers": [
        "Colon (:)",
        "Semicolon (;)",
        "Comma (,)",
        "Dot (.)"
      ]
    },
    {
      "Id": 16,
      "Subject": "3",
      "DifLevel": "3",
      "Tag": "#Misc",
      "Name": "In C#, structures are used for ___ objects such as mobiles, cars, etc.",
      "Type": "2",
      "ExamOnly": true,
      "CorrectAnswer": [
        1
      ],
      "PossAnswers": [
        "Lightweight",
        "Darkweight",
        "Extra",
        "Compress"
      ]
    }
  ],
  "Questionnaires": [],
  "QuestResults": [
    {
      "QuestId": 1,
      "StudentId": 1,
      "Results": [
        {
          "QuestionId": 11,
          "RightAnswer": false
        },
        {
          "QuestionId": 9,
          "RightAnswer": false
        },
        {
          "QuestionId": 7,
          "RightAnswer": false
        },
        {
          "QuestionId": 10,
          "RightAnswer": false
        },
        {
          "QuestionId": 4,
          "RightAnswer": false
        }
      ],
      "QuestDate": "2022-10-23T16:09:00.6060738+01:00"
    },
    {
      "QuestId": 1,
      "StudentId": 4,
      "Results": [
        {
          "QuestionId": 6,
          "RightAnswer": true
        },
        {
          "QuestionId": 11,
          "RightAnswer": false
        },
        {
          "QuestionId": 3,
          "RightAnswer": false
        },
        {
          "QuestionId": 8,
          "RightAnswer": true
        },
        {
          "QuestionId": 12,
          "RightAnswer": false
        }
      ],
      "QuestDate": "2022-10-23T18:14:32.5417786+01:00"
    },
    {
      "QuestId": 1,
      "StudentId": 1,
      "Results": [
        {
          "QuestionId": 9,
          "RightAnswer": false
        },
        {
          "QuestionId": 8,
          "RightAnswer": true
        },
        {
          "QuestionId": 4,
          "RightAnswer": true
        },
        {
          "QuestionId": 5,
          "RightAnswer": true
        },
        {
          "QuestionId": 6,
          "RightAnswer": true
        }
      ],
      "QuestDate": "2022-10-23T19:11:20.617651+01:00"
    }
  ]
}